epoch,train_loss,train_accuracy,val_loss,val_accuracy
1,1.057893917384113,0.6477729832516639,0.6812248002823837,0.7999415033635566
2,0.6998357176562736,0.7627440942002487,0.5840366198919642,0.8093009651945013
